,RN,RRN,Leaky ReLU,SiLU+dSiLU,SiLU,DDQN
0,156.63167814185724,156.00267858112622,4.120050573176648,155.124487785541,165.11119993797516,5.551348052519432
1,113.83835656882492,101.71630999333408,101.96465373582878,162.41204541844903,48.95417287692188,189.76706935412025
2,46.35546939538932,96.39249043702893,155.8759509544563,31.89260204304071,78.3292238293376,180.14942942666943
3,78.85388946280293,88.79738403109732,35.58039064422555,132.02984220425336,96.49221989487314,147.93109985330244
4,197.5093506730059,203.2193197992879,82.26594773694862,73.34724908420814,280.7157973259031,155.7659220678527
5,89.12609192175373,260.9080292522034,218.51693689986405,87.48415631267518,241.9812095860447,249.47344871844146
6,247.82943772843984,380.7903161152018,281.20807294605703,173.43018438872528,209.6759945776374,376.1738769319523
7,350.8572526358243,385.8722910002715,277.43752545406596,463.3526946753679,200.70405756638863,542.1684789432699
8,446.02596251467315,262.66891310054876,179.8166598236607,195.8868353728494,115.07203357497869,454.9862724243924
9,492.99148285777756,539.0829341548514,447.6877791956442,403.01928108088384,234.40927161353488,461.7144339545131
10,233.58573312161496,210.64447062565642,371.05129934797196,453.8146576543758,121.67876191365099,452.85837259114794
11,358.9337778550814,790.6014831386325,237.69794541088282,182.0259073613939,176.13914188246946,496.54001606103986
12,254.67220622803396,1963.196692326728,270.74122438211515,992.0515136098684,447.64482151738855,544.8522821192626
13,513.0699614717763,991.1887703345432,576.5740791536566,187.2298840992849,345.6503214238103,680.1479063917677
14,330.84776627029123,1530.956504236087,397.68637714700907,254.46453440192386,327.82882857000897,811.8705855516804
15,489.48973822619877,1951.9486317730714,275.56002202957603,108.35521162040466,475.8589449093919,1403.8819305421625
16,316.581463812228,914.1078964512901,1124.4970863688957,313.9380935267889,189.12471316181757,931.079440060194
17,336.55554578384306,2344.335081673164,820.2494069416565,222.2186730270312,234.6099084979311,1307.3492926330046
18,379.5462627652306,1588.1545531825443,737.6446607655098,127.55262637018022,160.55872313051233,509.766355150044
19,645.6384836969496,2314.8900669812147,180.51066963743986,193.83683912633333,561.3936950152545,381.7374042885156
20,444.7292857998026,709.6547554460518,726.2432174914727,205.97936574413566,667.7832850408532,339.9340517100696
21,837.6741956059831,1290.5943185080387,613.7287281181533,78.58279929048794,684.9893647357128,608.1834976776402
22,698.958985678262,1550.8558816870186,556.9817540646856,230.0272707829931,388.25729831467953,730.7860157366497
23,330.29029578461575,696.2380640836444,267.5001439581284,460.7235987311595,557.3388448487342,914.8381649965903
24,760.269073982782,1704.1931511205498,272.9832620118324,412.5724999874231,633.2821462766142,512.0513194650767
25,455.4698363973593,2324.2414565463937,560.1981653861858,217.33788431763458,658.4165649191654,565.449820483193
26,963.3787100036585,2948.1226311120304,514.8510298059516,179.7376212894255,339.4905567673008,552.903657251804
27,383.17168829145277,2178.974395907736,465.95368472727563,742.7470836873548,367.51004428109616,867.5656979191989
28,470.64565121843543,447.79694944333056,827.6062339306104,545.9122576585089,864.0396554437517,919.9808798660716
29,931.5146074266532,1146.2218913268755,691.9590472111553,623.0210677798424,627.1358535917371,613.1222315878791
30,1298.047310370094,1812.710811194904,613.5429471368087,143.63470040482395,623.3817742176525,523.4148118814389
31,795.6974426798691,1905.6494723886617,905.4747298990737,531.756291588544,533.9141580724284,656.8844956919825
32,452.9847725259905,1576.1523571226617,640.7922641615373,631.8982230116136,805.4386003930222,772.5088253108319
33,647.2576767817953,1635.0214751778678,349.867835215908,363.6461338172532,508.9093039744269,400.8375354995644
34,472.6271574781862,1598.2025088785795,430.5416856245399,423.085955132302,820.4826368113736,318.02681552541003
35,1049.8964977059918,649.9425666650721,828.5160372929001,504.9296430445331,607.7042209369762,339.78255312118284
36,1063.1216500480527,1434.350921871836,440.6994556635274,214.80847066427572,369.6617046014396,1062.0941325587573
37,1253.2723110374277,2574.292100645679,531.9812061025963,86.59576530851038,339.28697432136664,404.1305400412228
38,436.18335260950863,1445.3907764312796,472.4359583569239,580.1660127434161,739.1755933787883,547.1642588914219
39,476.09808386714485,2045.6133537320054,551.0527445850026,287.3392671049645,275.13261483065406,1191.5656345896657
40,370.36536312269334,1410.0277695051705,597.9599927271356,305.07966365502125,366.89549691844326,523.2759407511948
41,508.218216209167,1646.8432949308278,403.9904175715755,188.7063456930911,277.2705859466791,586.2680270606236
42,391.77875992885765,886.9758369785903,100.53759302186474,149.62634417500217,605.9129964181706,465.63033632851324
43,540.7796018471375,1355.9123471084959,666.3345713239275,400.9792037260106,292.02380453870154,449.5403658775151
44,2297.097089740624,1622.3870893844369,1019.5158773016981,760.1558503487313,314.80366971836895,661.7298358425073
45,1134.92534328117,1025.961331774326,779.6738113201201,374.16023640550463,585.708705350732,554.0691129604772
46,759.1676080773921,1690.9221444738264,230.04551971993158,133.1034957321512,565.8160947468963,643.1821151542207
47,462.8546734548692,1723.4084443603765,839.3137653108824,499.8756646953537,280.41225779331137,1132.6106791690074
48,868.2013302891373,1532.6218811175193,1253.5298764110587,215.77514802628627,626.8048393641787,408.20945111167237
49,507.7778190001249,1470.4891040168764,495.0128546517907,221.61054951214842,433.8466395733255,462.25315464909653
50,674.9392812257315,1961.851252887763,428.7005897645056,256.4068581555714,542.8538880366782,979.6865980348749
51,323.6669814611965,2350.9371215964516,408.564547068888,580.2148377879638,321.9988845477666,536.529036806546
52,1035.7826671562002,1553.31185344361,1229.877787144928,330.02468036221734,241.81068052107634,943.7792122492273
53,656.584739213069,1169.0274469430954,1299.206077482602,167.88686668367114,335.5936724818448,884.8002803192453
54,916.8854386032235,2136.8982139246687,193.89294547708695,69.94868673738645,313.3865400207213,853.7615391385402
55,1111.1339757873218,1779.8952534168245,1011.8038750437913,435.49748518248714,218.0080205466201,621.4318368783296
56,589.4536729128357,1555.5472367137904,526.9901915602935,351.9584837646085,356.63343684783985,1188.7169360673126
57,703.4991204253329,1155.407025012297,653.4004518094634,587.7530848049072,515.6529645029157,672.8108716866408
58,403.22389337319447,1880.9793633484985,721.2983146922772,657.9120939846889,457.408666946685,586.9861999070255
59,231.2086616034903,805.8177626040797,885.7606268502061,451.3064563983976,300.9197101683879,654.1621014936463
60,523.6298904315638,1337.2828548366736,1413.790443778555,929.5666506129348,259.42804201573705,646.2506008517934
61,1174.7139339096018,1269.5326542955097,395.48688073435886,275.91571638202487,420.32119311871656,724.4674519314248
62,1006.2171761222293,1620.5147068813317,207.15081321261974,412.6636684186525,293.9948141799962,736.6607148263732
63,1068.6047193155287,1156.9779082313646,1003.2282369319125,145.82750114094162,319.7445696613173,310.81746882595496
64,1038.0563924418295,1056.95352945476,441.81705613465533,727.8535088251658,494.8257478512276,430.74435473998983
65,1541.6178614460323,922.1715422146902,464.77482593431216,490.00859764976235,732.2228043448225,801.8341651312246
66,1344.448972620741,970.1185762559256,775.8589360969557,841.7981390720665,464.57991585588996,585.9693636041151
67,840.1967183203262,892.1175541831341,534.0350761046437,510.79834472851957,335.81391114521176,1239.424847639474
68,641.1497368858965,2063.8161688989535,313.04523866498596,744.987762313573,404.423072588203,391.21021354714577
69,1390.8096181147525,1029.8692481529858,648.1748856257668,142.96281653419854,565.5744751138315,333.1028954373353
70,423.0178206668875,1616.3042507553098,673.2136480834452,407.9586898517527,679.0287139129696,584.1791905555176
71,1057.1560420991154,1158.9231731253733,363.70823994210144,324.4812857412227,758.339659185628,543.1788762900039
72,1075.4471381503295,1962.1401561331443,568.9030256037817,123.587217254834,675.0464611625771,415.7528320511779
73,508.9489558475876,1299.3119688825107,639.0977434119599,816.2752472937898,727.513629965585,405.0179544678868
74,729.1849978054015,1416.7367915835089,689.5276095379962,294.6060629490091,531.4750231566221,981.493492401122
75,668.8010916388534,1886.7720057320707,841.3279939659424,450.86887065773936,624.5246170766828,459.2882673332493
76,873.9537766555625,1330.9101640731903,642.1969589068825,452.64288127330263,819.3372301043353,790.499705180131
77,1315.4779977679996,1317.6211972843578,709.9777830753533,627.9044292495685,288.38148039563197,556.9031180618892
78,717.4376979518778,1450.1108899063463,916.0677477961461,334.57105562914154,833.2665047791343,726.3063346085942
79,823.0496517411977,1810.5980369087306,610.6130459785553,895.7845078497986,683.8285215898279,683.2917793825235
80,1121.5470343537697,565.1409138361875,1071.1326215298088,383.1608975886373,872.6175938048945,1251.4843979748482
81,681.906768904617,543.841916504887,1152.040379123445,139.64265755234842,803.7754112564088,717.3364253644155
82,856.6838040048821,1545.681796996604,644.1732578721086,643.3002419230418,439.0533383946263,240.60582106155962
83,1437.1581294371301,1878.1436974070596,728.6965306046474,594.4381943926986,1052.2904219180703,426.50114208540447
84,415.32374181562403,969.8191414862438,900.0374086199545,589.1828833154356,599.1277476252831,919.7338431979053
85,1138.4250486050587,554.9020357801196,334.33690032363535,507.90656609305097,815.598898202491,783.288975913311
86,1244.5336830326219,1642.2835772072954,771.862824082356,958.8629639446065,421.9445286920043,675.0219827915714
87,1183.059721892369,1221.3971640282516,978.6866077851272,404.1319885891636,522.3321251230533,428.73879363824375
88,1054.113439889027,1884.242729002855,874.9554192627852,308.65959454205773,435.7767049868241,343.53030174205486
89,740.7622988292189,1069.176200569191,708.8270202201276,414.0468569409257,824.5027368151839,354.5800509257143
90,947.3075540829545,1489.737019213774,1165.5154538177092,545.9421590336619,1026.3421756480602,698.8542624394847
91,354.31828273992085,1508.5604778172676,557.3902670906956,1160.725186261896,638.7287306088499,302.0418583874674
92,1018.7735788619107,1444.595583662866,1153.363108800671,244.45814570864044,692.4135436778477,918.5134411545151
93,426.32077180523356,1577.2451549769416,624.4986453451331,800.3604485659127,417.83770686013713,1004.7187717671345
94,607.1445927083649,1912.2406046729077,636.189643424558,681.7416078103023,494.951507691404,769.9193996133912
95,631.5516326058913,1201.3952026268232,1528.4794359905407,389.7590806892231,635.9566696303149,708.4761339808449
96,1186.5066056648657,1137.2208096817255,757.5824744370057,276.0785504922335,523.9203959060206,665.7419107022217
97,1094.3638719208213,1186.6812478712147,940.930955859209,416.1231039823315,1086.1796980898635,908.1212275276062
98,1201.5258893255054,1307.9341896274063,1334.6348775479232,1165.647716206557,670.5168108442297,1158.6448917800456
99,699.2596679542313,1838.730044529767,510.3461481787542,444.9712044578468,795.6400904187798,821.8451292705751
100,381.7470726941964,1654.2343375861806,1564.7966876237706,374.91644125142,855.6598373051006,241.70050649025694
101,1233.436374747242,1103.3600606173727,710.4394085846246,718.2245071686316,924.6700371773907,354.3442015283476
102,828.7144707026634,1104.368132478506,565.8323701332827,344.0299221293514,784.9217548019856,504.81382249710407
103,656.5549383594607,1987.0759872574356,491.56239337868516,584.5773260092566,1294.9968057531225,424.88197508663967
104,452.6697462183674,1427.937247011423,875.3568582836376,469.93705253046596,799.6457551496467,360.9149608490877
105,414.70879594226767,1003.9332263405022,923.9117283472902,385.4973453496043,882.2546613518081,1027.5904691431251
106,578.7108371750325,916.741397490429,1343.4774359069008,552.9655931324847,770.0619616502524,612.6754577482938
107,1063.0345953195774,1071.69731279096,1195.5862722794218,427.6275298426818,982.3584862396351,360.6335968420269
108,1333.2512258752072,1553.4921637928935,1275.9300989075489,323.87437438198367,940.6973921190101,1244.3427462561933
109,1285.9455183445612,1733.1700994992184,895.5959462470496,560.0004632273312,764.7758247228072,1358.6601783946758
110,889.0328988796391,1828.559399735175,677.7819769833221,604.3675708373247,934.9707396674208,1289.1204874933521
111,876.180131183772,1965.3325051939894,987.4320129897719,1019.7551441293267,634.856744880696,1322.0115370674032
112,564.5572687985356,762.9674288452372,1026.4026469557168,372.22508769000154,1002.2924462215109,644.4136152955327
113,419.31251923664456,1000.2624898047761,1052.6952851913188,499.9046394806869,699.5544293443124,866.4106089058529
114,662.7523247226154,1445.6547685773107,927.8255244248672,612.0618067138331,746.3002258068738,1057.0724543583867
115,458.9909012082132,1364.0610389357366,688.715386045631,418.22275293240097,798.5718350605716,787.8230696969998
116,1454.6951372361286,1316.5100610503305,924.9493025043583,687.2574021784726,985.4305170762466,963.2604131107411
117,1331.0442937032428,938.8066226247065,1114.6765082475379,295.8224118338839,979.2941978970199,582.3506755986278
118,964.7955608849971,1762.1156141982951,1109.2125574371091,349.1441296346852,768.4130278018293,1290.669109977111
119,588.6393084531014,1722.1194530883122,1129.0725370143616,759.0345063182268,920.254531099557,923.1946902263245
120,665.4100427135274,1215.788503059829,1061.5765134929743,655.1131949775393,852.2361321489594,705.214938195877
121,416.1070522559103,1976.1427314025045,1082.4665426731285,943.8347123389138,1078.5841671459698,630.8584721717607
122,385.776440366652,1438.1071558894416,794.4228291734852,325.1631344668504,1128.813298890533,674.9645918450693
123,540.2543197001851,1516.636336859787,1401.3538215657566,599.784710373375,566.981438693664,234.86107523929314
124,474.5663922697114,1828.559924217259,1282.1798622537833,440.1143660792214,620.1838543926854,844.6080514098774
125,838.3218361006628,2033.7957494044133,989.2603084370238,365.02685316071324,607.1851505134156,1294.732819168577
126,927.1406933381088,1259.5920136462985,903.8240096844635,352.4782922056733,1154.6423662408254,1420.5751070812994
127,1072.6590012371462,2149.841464506293,1030.2659538066384,481.0404233421984,799.9402385313746,791.1053677865322
128,525.0192255938,1079.734108440356,811.0246413169532,289.6212408731379,876.1409345780538,645.1428247497582
129,964.0462262669731,1341.7988524924729,1135.628879349597,445.3325262605234,1190.6856871145283,678.4055309372604
130,580.7048646926307,1931.1735998243805,885.8238047453469,1095.9071434395637,900.1743545642884,653.2940502628928
131,250.47003881795013,1529.4325338149179,994.7400588669312,400.1543405663786,784.209823483523,482.42744432620475
132,697.2646043771223,1896.7390301816579,631.9647076649932,698.3644927524804,1053.3069994716036,1016.0568002342352
133,521.2681996604124,2330.9950104971854,540.588528302984,754.6922953991874,904.684962811667,1735.8664247768284
134,264.3422205531727,1697.1733083664453,625.5417298380424,516.2369187213792,789.3192092487748,445.00083927532097
135,497.4573404616836,1535.133804429644,874.5002731834048,733.0922792003371,782.5478283533844,1185.3863510399858
136,571.979433865989,1331.2295601384121,900.8634297671215,486.942503410917,570.5346549716526,686.172049086187
137,1205.3940556194125,1621.6359083352056,647.7752655001539,355.4513620101497,1114.2627730447546,411.83083681169285
138,399.3551949626795,2060.262242793061,1158.1405278185612,546.8304356842275,1137.545804561526,748.5029101141852
139,869.6895584109436,1669.1212001557285,1000.9345031997312,473.3671487050238,863.8201974419169,970.8610817788826
140,963.8088535848142,835.505646591961,1215.633530544365,488.90725765187767,778.7185540881115,572.8201052151214
141,879.6625064650301,1321.494255715058,929.5303172661887,583.6098963706436,803.3735560876648,918.7791967791547
142,1080.9165793622235,1564.1410596019061,1257.2364145342608,523.399888441755,993.8241408946539,271.21978400056383
143,863.168756692266,2417.343474056199,740.5635802627768,657.4561472627431,931.80529600559,496.26365643329274
144,1096.0360128208636,1296.8006438752238,1142.464158941712,647.5874091974354,999.905369140223,1271.0416128234867
145,906.4846468874078,1060.2553795533768,1186.3567921008384,678.9585663296418,781.4886137015798,1042.850423007202
146,386.7422790751724,1586.7116111710893,1531.4471689312008,410.00191030059875,1114.7003216737824,326.22993801884843
147,541.2396644065294,1618.7064701226116,1202.2969034248767,512.1104219193131,780.565278443124,689.4733066928644
148,806.1724654832622,1562.7720276728921,813.6561520451927,526.1329205192386,492.140844352155,498.6278548550711
149,1019.6148210084773,2117.2361511113672,1008.066427579296,316.85139680014345,850.9728616314517,304.5109325374898
150,1125.5441822540115,1272.2235689945874,1419.0154595951747,400.56371455746563,725.3734155718341,1248.808872144891
151,506.2220352460453,1459.403406154361,911.9614581796736,593.040058889482,869.6891769866216,592.4397546215991
152,610.6798031270639,1058.5156999049395,1433.868748607896,680.769826244908,764.6215939353582,641.2661000507196
153,1704.297810694031,2381.0786438738614,850.2569468678922,446.05435971763296,638.6033321798077,699.8965573918244
154,471.92864501821333,1887.5688994075379,560.6836662392118,714.5587855018315,779.0148215491305,661.7516258399752
155,401.9869997960092,2605.3080294887945,1094.6829237719267,575.033816497495,847.038751918199,621.2771429131691
156,489.93693271073266,1706.795477556308,1365.0649607900507,673.8716316699781,893.2854274379906,436.16416300959094
157,704.5856195482869,1591.6066275909704,567.7105002570877,460.14181490099327,703.4588078583549,817.1237098081967
158,621.5206695524887,1717.5538736144752,1314.2016136902025,535.2704792178583,925.1773015115564,2281.865185158374
159,823.5327910627881,1854.2882678510307,745.9653798816806,211.57960493555368,789.8777174459046,606.6110400468366
160,874.6039973581516,1908.8700136373552,1224.2800551341797,564.1567784001205,887.9394801005326,1073.29259840345
161,531.8296169016728,1417.6380554247637,1229.7927320234742,1212.3422144960614,722.8084705910561,1050.3170670849825
162,600.0750942829252,1659.3137326247243,1073.134971532613,1435.9711749833555,895.971059817671,647.9941334055875
163,618.7756880884814,1528.4583341199711,872.5002560763172,729.449645339717,689.2662665019728,888.6917803331403
164,999.2401059604374,1736.7788615989139,1049.7790095927455,589.9039049775722,651.1711571576159,559.1324472133426
165,541.6529207673035,1819.7772731273446,903.2835523814568,652.0161191425739,1193.0199107645185,1307.6557363967581
166,1105.9647013791014,1492.122762187981,735.0185733969399,108.90103160030797,796.024062288852,430.8348334073966
167,1786.1775286931218,1534.3874743782098,1214.2333876026971,583.1251164613441,739.4824488505043,880.5623927382759
168,1094.5829821031607,1475.117200963489,699.7156920732583,223.42269226281846,732.7635603539596,462.55329456148405
169,657.9251689947828,1982.118968698418,708.1635753622185,552.8544460780727,676.6837304252687,998.109963407541
170,1587.0265621579304,1266.4533997832407,1197.7552406932837,510.30330294343315,624.6714381064567,1629.1833107660532
171,1344.9988969085366,1326.984670729591,1486.5876206643115,278.1167283778194,727.0738981667198,672.1898830562787
172,757.1423545015036,1617.3163899623653,1033.9118798103057,669.2859295446204,820.2868777429094,787.1404949037657
173,1322.8879990749265,957.2516396587791,1020.7205181045377,494.94633377906587,891.6747565966072,1036.3875364000078
174,594.946242683601,1667.1676077026646,1767.8594199322063,159.12955254458214,782.2060190832728,496.3956343998285
175,1211.8813281527882,1873.8129184802524,892.4692726452549,172.58368033425788,662.5499400148196,644.6784506768263
176,845.5568236051536,1275.7973153613714,927.7797670473857,294.12867624138437,392.936772240155,1191.5260574455335
177,468.3510903415792,1908.6088869397722,505.42027936375257,457.98168185489806,578.6278941764476,239.16089936309345
178,844.6422438169047,2574.339145588077,633.5325191879035,853.5282205914145,747.9301642355636,493.9217872559445
179,715.2872529844866,1777.6725843890683,807.7630033256312,622.9996488672168,838.4318151616764,473.76437531003364
180,1178.8549013066868,1703.9441784341593,1147.0141141153847,478.4159788710692,899.9900630195937,841.0087189452614
181,873.076743383521,1080.2973828705408,1307.919555359373,1094.0066835088228,707.258315337074,335.9787255037851
182,1929.9128909337303,1296.8861602127645,641.1688324898466,458.2754693699794,1206.898402732088,608.4891914202198
183,994.6456877367829,1623.5535491245782,856.375416293749,397.2173702108414,494.4931334980713,1321.4215652215103
184,812.2494543855659,1826.9033512263584,660.8654179296252,507.9644531930288,574.4406960962115,567.2312375725122
185,497.1118530987692,1731.2223604848941,976.4136482551197,462.94859113875805,501.6103332697997,1360.8989362089756
186,451.1330992321689,1889.2872560053695,859.9200950030237,622.8358386242413,993.2874197390472,707.7105749163595
187,771.7857385644082,1579.7876991315545,811.7117100717794,410.1138097296585,868.0207818365873,1325.8310730262347
188,795.3536197305899,1805.5156239281348,2097.292337565177,301.55559107749025,1196.1981213108381,763.6875236266941
189,394.907017654271,1164.0301256225812,1301.4972504493871,260.5833667173064,764.3490207132822,889.7809612432067
190,389.60572447233756,1993.4977814439615,1245.9017794675462,689.6607627950493,984.3578127784284,1320.034187572969
191,488.40043515687864,1550.7215838432744,1343.5364832943685,347.6962936913324,448.4467261623932,1704.3612794771216
192,446.2841654309895,1520.1234886187945,1442.982993551589,349.3947217013352,830.6504612569994,575.8783019646237
193,1259.2723960312321,1259.7921648671431,667.3679864118374,518.2695055457207,873.6944830763257,419.448089142862
194,1043.1158431829256,1525.3744791786658,836.9218022601149,436.1986742424658,465.90708366948553,879.6309522363714
195,1341.6097028243482,1267.1711648780004,1187.5658016205052,872.6123044114116,612.5779960153982,1002.4038391215092
196,1477.4893608403834,1397.1332758664175,531.3562412574938,601.2591915974707,601.4014605930042,738.8379560807278
197,729.7277562681724,2173.829300190514,1107.588629384098,466.99812122518864,1403.496907273337,495.6341478541024
198,622.3393052969814,1567.2234218043095,710.3259465970721,594.4976244943027,702.5550124420048,235.2890621334921
199,538.9296900164233,1665.9847348358535,353.1460514467328,282.6997648945421,781.880496986773,342.98408566724936
200,603.335376760873,1573.7579105472232,689.6785064674568,565.1707432289309,572.8256926656811,694.7133321396789
201,690.6883746989348,1806.446428500204,851.3517375104561,443.12554759491763,1169.356519625954,540.9171867421129
202,538.3235663888614,1793.7641391287775,759.0733697888209,458.65591902227777,550.6918647707145,712.8072926975104
203,339.8108586572381,1926.0996684198437,668.2477357317348,646.3549580969747,695.5714451423202,1548.3625038919147
204,759.1426663833853,1173.8677779672719,677.7450976908535,422.9513540377826,799.1463011493853,1792.1370828087463
205,596.6152227695333,2500.1928187968224,540.3092199952101,729.6165303132273,1108.4853838075683,91.81051879592013
206,1070.33496638985,1904.9205274870792,1178.4789828159435,733.5300972857362,547.7951809754924,516.6369189464571
207,502.37666575796067,1650.7989157948305,583.0809160142619,168.39669976927536,795.2643248613341,279.83274843503557
208,585.080223823536,1651.9335073787663,1488.2515193191848,324.15396599495153,1463.1117581889678,729.1441200457135
209,826.1030300298124,2190.4549791418794,1040.6740789076791,300.5470676794535,699.2952859368424,859.7445403245355
210,735.4520557267152,1740.513731984569,915.0803042795832,251.6724274007737,873.0732601519321,1073.4633986711563
211,558.8664013361831,1851.3688376335335,250.89767006743017,749.2295052174745,925.9678137566799,830.5848356160928
212,518.829173991278,1600.004063876344,399.03536122604305,500.6485848022311,567.2162956282723,939.067936019106
213,420.8558892648107,2189.9156819327695,965.37906340062,190.4540649138845,1281.054518827199,528.9877797584122
214,552.0814967510726,2263.8954507643116,772.1645494835543,495.2101636163086,554.8328294839854,648.2627548310155
215,362.1744102933793,1554.1169061299781,632.5669300337938,358.6769785971506,615.9126356131611,182.92550492175508
216,1535.9078094575354,1956.4052514657726,746.4789503195049,299.1269676555252,937.8729680627147,552.9171032462709
217,462.79948873101023,2505.337756393233,327.9854796609644,192.13150694602007,591.8510953976867,693.2531779128739
218,367.268211203824,2355.027921807807,599.1661082647464,593.5465170802861,808.4595266673174,378.85812795024003
219,473.2890056938804,1876.8052264668913,837.7978207323417,416.56732562439424,1479.6226485358463,1550.9349330070577
220,895.3691040635565,2368.1231590380917,402.3005602188484,572.7169181462043,1065.3475153596985,223.71994460586095
221,1715.9878914163664,1484.4460109564254,889.5619773034542,432.5783362890835,1567.2689314853048,810.4494897064264
222,1602.0076450451352,1898.604230750808,848.8529670589584,119.5131520277602,685.9856686871946,1034.4388312835085
223,308.9762794915177,1749.672758460489,779.4688115401659,536.1495638693895,740.5185745386575,880.6220231524577
224,470.47832922726326,1839.7153111726345,683.889868784899,351.48860691435414,1566.0444669439948,728.2154009038325
225,867.30959536898,1319.9005295355319,301.8854732902914,425.3411670857558,1227.4350296015064,536.9742496037237
226,965.7790712205563,1791.3144604607053,735.1097085676673,372.7177792834338,2259.2926211914423,239.41043997063616
227,884.6255909598639,1880.5280756531768,1094.2152951317591,607.0950692335354,1623.556830160169,565.0483541176343
228,1088.0008631951296,1044.785246321358,740.9056842453215,600.670434509464,590.7200305782728,730.4504894329569
229,990.6248018193801,1392.1860186384026,1496.3607548172374,582.8400048902251,1416.623053306381,1444.7571704055113
230,1036.2541580056964,1795.8677426191514,319.9825326174783,642.4748124324494,1192.3957896577908,469.91500252668226
231,637.60844197717,2043.4364181357612,226.1341996485249,422.2877271439478,1512.507802823514,315.0986353041622
232,651.3284757719235,1985.543682516933,345.161371965601,621.656278444583,546.3405492003423,464.9173858767956
233,1410.2505845917474,1202.8736793438409,514.5928571308133,414.47718777012716,1583.140907924982,231.24216620259466
234,1050.7265205462916,1884.1925990894292,255.16181940011674,348.21897083016745,692.7444697586958,157.444817455573
235,835.5851473486708,1845.3414823836279,335.267122841814,642.7173061161018,1330.2602423980934,916.0778906778766
236,1249.796204962357,2146.2129355320158,321.9487277978328,352.8719660444041,1573.3907429318645,641.3296133884836
237,2031.4041299206606,2161.612940165181,295.49739709913484,416.1758489334445,1083.8941730943245,357.0057090237236
238,1639.0735625814514,1979.454252993386,812.3839197962787,601.2882131134108,1914.4477987090684,802.3731228967566
239,1054.5743630689747,1923.808689489208,860.3130231585998,241.99562874833444,633.0136147864075,1347.8715384232737
240,1361.876859401259,1935.8382828326642,788.9664956364803,581.2402052300189,1151.5953660889966,152.5148362594997
241,1533.0460437007441,2530.3667221981,430.4197032172765,517.0873467734862,1900.8068344389912,273.93317836565427
242,785.1317483998207,2377.046400100081,335.6697357828342,527.0271797089974,1684.7707838257395,917.9616388553259
243,628.6547659845995,1250.4677841244852,552.8042539946969,506.71084889892285,1317.2724912160024,891.5940461847056
244,809.3325494645024,1991.2789693136772,1010.783202919079,600.4754052591807,684.7808235588767,497.74874019787967
245,1016.3224725517598,2483.8355730607927,218.47730326528364,265.3258733452035,1502.5022281657245,588.3260274958269
246,206.6298648318253,1673.2105717436789,887.9800047834663,409.53683212297324,1696.0635723901091,1468.2305852911634
247,924.807076519875,2265.3872529038363,1360.438619828319,538.1973614867782,1739.0852272855914,503.8585732293482
248,735.6242567215658,2494.1997918677503,235.83442550215165,278.33175186439263,1157.026291928065,1144.7986623324116
249,745.3609139118839,2163.5978918426167,448.3255582409449,262.5331754731126,1246.8793454164595,662.9644359961966
250,984.7940508963746,1678.7898379732349,562.8584210202781,485.80592890338215,1858.8146712597122,342.7169351433242
251,744.4291786528435,1896.8786884979345,201.7045506499522,364.47414044121797,1542.2106955175027,1700.9186080769045
252,425.1002409796483,1938.4201720518279,494.91777873290914,522.7307281542867,2161.7096235965237,152.20812148223933
253,774.1211642753932,1289.529570240831,309.92686243068187,433.69355801823235,670.5408926110077,1027.6380847911712
254,1512.7058744461817,1504.6474474245156,784.4851070690521,518.1345310686445,1525.2812118134211,283.93116389082365
255,1240.8744930046296,1480.0473965715214,510.6293570198519,307.21142367376586,1739.84679368274,454.0902617384805
256,731.684006106343,2032.098094809475,721.4925199533697,375.7314246185456,1657.488764575706,337.0964677438958
257,1769.4674351192996,1876.6308292717592,232.89927792191529,406.5837117650978,938.9279877016534,1034.2154683708566
258,460.63385076506984,1798.2620413394177,269.0150086092915,247.18500009449673,1130.2760581554946,1040.38112117716
259,674.6486122564772,1325.9153872624333,499.5717765909929,371.6472972901145,543.0308330485996,652.3724532877727
260,1374.1632669680666,863.4365031994839,335.85797118821654,444.6079688364332,580.4818122811812,901.2980200773418
261,1425.4279763029417,1362.7379288342654,469.3414614729588,373.07583505000855,555.6212699938706,728.9307628963301
262,1374.9428465834071,1866.098469491051,605.396713800638,389.28164419026984,651.1979098216924,741.7351694512082
263,1124.6364090572656,2058.510007991862,1104.4552283034816,390.1700624534468,2958.332736236112,479.19037672449906
264,1123.938670503346,1406.026175241481,503.64440453574883,562.787478272305,1401.216920453277,811.9031209689925
265,1150.5319826181951,2122.9288039626654,1039.1450663238722,173.94494147547059,1559.8738775460406,2309.9869543363184
266,1125.5336584618062,1386.3700682389147,483.80575023157536,295.6560724199007,1461.2279805517048,241.82651608882796
267,493.4609975142868,1705.8691006771812,410.57016212953215,629.8471230749307,1719.7514591577508,623.7970260223273
268,933.9998254682391,2036.8176604398648,682.5106855971218,303.4191184219519,1285.1856758262277,867.9746676682694
269,1601.0084442458926,1502.5268668029667,884.4401134322876,205.37747664931544,1485.0137519378306,682.469044792703
270,1575.726148305468,1335.5486392655635,550.5418060015606,212.09854111409166,1414.445588527408,492.2246434363773
271,596.496665211641,2179.5006648899803,368.75949679906125,866.6984275824334,1169.4140288280412,399.9578179600068
272,534.6705233992743,1835.963560483914,394.318998072401,240.69429145146572,271.3336802264077,235.6641509097867
273,1126.2438842352592,1317.0248504568833,525.1510053765827,671.0422284932627,1422.7468910662567,326.8365059493273
274,1378.29825991466,1222.9579168657458,654.977040899412,221.31524055565953,834.949692805346,1576.8631968179052
275,857.7153542946604,1752.464797740953,775.3664986063549,213.18482962026982,1795.462413336771,1007.5232625075132
276,494.4669416397382,2296.48572577454,585.9060558268196,749.8026488935619,1559.7866681830665,568.6660568002342
277,741.3691175811972,2237.559885128241,317.23714405611753,768.4942375473464,2345.149846887925,438.32629974319025
278,1518.4743668344336,1342.7956024366733,301.1606928746519,354.91861547239495,499.2953779435711,925.3707445448028
279,562.5982042745834,1975.2725622743499,254.46839778013683,770.9559688135423,1037.8221047134268,1628.9347706871124
280,878.0413582890529,2150.372995458437,487.505132030232,345.7919318693427,1586.713975363196,247.25624783280773
281,1221.1229773040914,1673.8348531399179,1129.9149921730866,622.5620427572973,1874.3667959611503,268.834513314558
282,908.788358263049,1302.4707113295624,1263.9691410435241,587.8342499309307,1254.0971360186418,914.0619981299204
283,809.1569697454856,1913.2853050241788,268.39157225219674,635.2549049336807,812.7815622115189,957.8447612458875
284,1290.2629695767014,1663.7416913021991,378.9169861452609,635.8978895348655,631.0091746386564,407.65866109561574
285,980.9931766441782,1551.0795495736502,590.1881140907922,763.4860179255303,1299.134308924762,1482.958216416275
286,486.7510580705378,1610.2039216464532,470.51940287756616,361.2826645400171,643.622856425225,473.66501689473745
287,1090.2423271442856,1625.0626721828662,499.79052794774816,697.5798006528063,453.87870609900693,325.9829477646151
288,656.3563805204084,1294.4195237348817,1051.259968914812,360.86894534027994,835.722704835956,478.2539711187637
289,470.5041102432955,2134.9312565637856,257.83495243521793,526.9453947579381,824.35882434564,417.93638325200095
290,700.2076843774298,1910.1307439165314,889.5135376035017,481.86817535317056,1314.4120470728235,353.4540703591265
291,761.6888850306974,1800.381917742643,370.36356352133714,632.3483836400532,1161.2862767976815,1534.8914240346153
292,911.5162608531124,2529.8932210488956,966.8376448428515,322.2167890010718,1854.6011316027045,895.008614116631
293,771.2850761790206,2041.183118572266,420.82472300855966,188.14826855101964,1049.6382535612825,280.8515057295187
294,903.7499398619985,1215.218227505461,518.8387544280137,733.0761741170951,1326.6475561729392,866.6503494751155
295,843.2151574412563,1446.943606568713,539.9423342235915,201.03705399460893,899.6196984168871,1455.600237203659
296,803.1440941199718,2522.3804387407954,1014.3466967484197,524.027039919497,1285.9438444738971,440.7467845242727
297,851.2122788741655,1244.1781325632192,549.8745690967762,475.28283912467754,540.5843401589663,1437.7182526855527
298,796.7140376362643,1140.3456716999274,517.5804288658097,481.2976198058558,1077.4995033891441,1380.7416625706048
299,658.1726117452491,1671.7694201905813,388.22706002227426,686.1862401354088,1925.1767961365165,1351.169768778849
300,944.0131509116709,1632.5964750662802,1180.458128393765,139.95527639525386,905.2234534683255,542.2285877397346
301,625.9698911900538,2759.4110839987443,807.9027185097643,780.398898791435,714.9887395736557,1447.0993426482064
302,842.2059857581336,2540.381486605346,641.4613374822989,200.97896123187888,604.968068261538,390.56625419103375
303,1022.3307600136042,1854.828895830763,591.2882066513667,489.8277957588893,574.8887705931892,1427.529011560153
304,1039.3653538027797,2072.0820291150503,863.5280852000861,557.1531219420572,726.0903880425556,736.8928517697752
305,1185.6207142208598,1764.279010130679,611.4805287884627,248.04269720111307,1836.7294994225147,400.16617473822805
306,865.9852303769451,1173.087920994927,266.39984580886,268.9887754562962,916.4890223899633,387.0650767232329
307,555.1795413841118,2012.4304440241556,1479.3279553191462,867.6620504964377,817.0813819772641,924.7709745377479
308,913.7783008897402,1912.3521190021238,350.0744253268102,468.3787588995622,673.8700186134678,920.0734841768474
309,843.620652424009,2024.6326609652735,200.2593527367307,247.0226871876297,581.3077384654947,139.93959032536685
310,836.3485906318359,1684.4740565566917,496.04390997494414,621.4006444044039,639.083333767421,997.0432297431154
311,1223.0828157749459,1869.4566100685315,331.37794107761846,540.1482539316438,508.9647660983626,367.07599830739014
312,717.7413451358425,2114.7071992758893,579.5553014378562,704.3682435210663,1940.1211076504042,263.99287549016077
313,924.7865730606111,1401.598868357606,360.61095093339924,704.8789068535297,1434.9281668654032,1367.3271502351174
314,1362.424346202867,1874.4988271884208,188.3947640477889,697.9934439233233,858.7954128140279,953.0930000411003
315,727.8036308528651,2065.60283858492,96.34424736824137,398.24166318254413,609.7691140618783,1291.547719250723
316,920.3071469354231,1447.8172147127034,173.39100455798143,1396.48819968041,1086.7476774660124,619.7175415860154
317,1298.3104599808328,2830.460430239549,169.40002447565774,631.9015971218003,1940.7031349983088,339.6173803909554
318,1190.1520895561393,1733.3485011835066,283.22673511774406,764.5557526938336,895.8886397444401,640.9431742350891
319,1160.253222961952,2668.115751449086,256.0951201756319,181.48122744616447,688.1689791998313,681.2417865897485
320,972.7265574072763,1742.9616630924309,342.369093881511,1013.2020565327671,1589.3073519699435,363.0494175311267
321,767.1988589083246,1763.7565640029416,404.43691797593334,376.4623443665478,1769.320394872325,436.2025852385043
322,731.8881794362417,1459.696708561353,247.4859802059242,481.6249518558506,1569.2548940269228,645.7773338619442
323,655.1916127223199,1385.7951304122612,326.3510231542926,726.0290181086227,717.6939297851459,1162.1837745885553
324,972.7238765062978,1997.4724913026016,253.3717491856808,514.9050943615119,2129.118902758126,464.7299753631608
325,963.8209102466395,1727.2649898586712,111.6664996309684,335.9287705017288,559.8711048121394,355.837219252149
326,975.8659434999508,2256.644066809031,197.41748677509042,701.3038918398478,910.2203554051964,1779.3788969664588
327,1021.1143825804709,2344.7454140856535,98.90784912432039,599.2414867898935,2030.5768622009007,288.5308981040535
328,1010.7403881870549,1918.8076096305556,358.21135136305725,602.0654739656252,1463.5562331743115,439.56228800846657
329,1060.5373195144562,1515.4192153694228,154.80221156435923,504.2568493084327,1933.3917617696857,1135.076930395489
330,802.3868263300042,1898.0988641951587,317.69660483628934,496.6817127242248,1249.3084186565154,644.2216710305905
331,1319.6919466640363,1413.9230189767459,209.03279682577156,262.3236407354028,632.0697657571411,820.658639264589
332,1031.7569061414965,1463.3131749263443,294.3360011291671,476.60331245793503,996.1905459217386,442.83606478765216
333,1363.9136502813597,1979.2050476887894,272.57542847406154,513.2176908035957,1557.6594918722815,805.0317623554115
334,1110.0456642519155,2000.3635789673242,206.02255323898876,416.1383032663365,2210.896216123734,1357.8820706585032
335,813.6695058379701,2620.960626258431,213.467267383684,558.4493215248788,1722.4877164522345,534.3244815511712
336,886.1293939722857,1836.3469326767706,215.0880245748635,945.5282328437312,2264.5008167887627,1023.6227955663115
337,940.1323117704967,2077.7433030127945,371.0174746847221,574.6720430356785,1283.9783435143818,328.2705725592377
338,754.481105052984,2501.279131073384,189.8626833749159,224.04673627415076,1620.9996203141832,806.5071311528881
339,941.595090018944,1816.3722900958105,43.80098580154684,372.9948312563504,1245.2800537786945,506.5376458030671
340,986.2072133304562,2656.4010188079196,268.62546405976553,930.814960066649,2251.5968713657694,368.81872659067426
341,966.98507178177,1763.1867723300822,101.45834363897191,398.08003705926643,2183.6997217847616,413.34638579936967
342,899.1493471138515,2430.648020375314,272.2620928580698,429.1555546406135,2080.0240571515214,591.3607472664053
343,1017.0176630524365,2223.6247923620463,328.9723784819458,622.1641785987905,895.6676775568257,886.9089868961186
344,1054.1656490051203,1808.6605259525716,170.15949833095024,680.9018237905658,705.9961961274337,474.55757846525205
345,1053.9342608838979,2331.8021793453204,224.5167518362974,300.6438305971502,2351.664345461269,335.75025543469417
346,568.0406705830737,2122.635582488593,180.01822317772064,427.6229530791345,2286.912106875236,696.1189690414451
347,924.7551099954485,1931.3001670539632,235.94028216536964,420.6015044118972,1199.149671161426,1119.4013603487
348,1009.6159549161047,2523.91160371732,372.7634830038053,569.0694782235885,1688.765756909593,484.9823299265817
349,1305.6149252110856,2227.842891885146,317.3977672032095,230.67067658794275,1346.6970479716358,963.1810144084134
350,916.7506372735018,2145.4920156363596,191.04282036016113,748.2367865486407,1564.610338521827,413.35723723105417
351,645.542433771221,2327.335167198323,312.1734708854548,581.0263728526744,2919.454948263407,1051.545540048709
352,764.9938807934817,1798.481869052429,323.86376703145214,282.239982298646,1782.4599879461778,381.6750861267596
353,1152.216401986164,1628.504375758633,323.020300446066,557.6109235586785,1508.8658015097753,691.3702825950954
354,1193.4494706583173,2069.799788036792,203.75215887029918,442.015416177521,2002.043391019392,493.70786176076376
355,1101.8548029451429,1869.3519862180178,227.50141650114492,722.4320501694124,1626.546952535632,1603.47794070179
356,918.1009755941191,1283.8181652748333,248.78841434203213,546.2752561707846,2713.6505600881715,569.2913638724899
357,840.063644880792,2110.009389898509,146.8341043644007,651.4259824745451,2340.6174705206963,666.3388393291025
358,1320.3859790999268,1983.9049457785675,325.5154843534802,372.517797122335,2443.877293831296,525.0837048600672
359,866.2305408205598,1998.5639438933924,293.9269621163163,433.58056592952556,2685.4427646724716,1133.5872379890843
360,1222.7718075850926,2017.031730285335,347.5149070862546,1052.052992547588,2509.911917111062,430.82806774444754
361,1002.2272729801944,1564.6240961144076,214.44198551398844,749.9676408155987,2169.714766077116,269.53175567296734
362,1086.2408169094995,1707.2431349880676,207.8613625503871,859.1110066790208,2202.347315844059,350.0654511982478
363,875.6849860338775,1384.619027772312,90.30681070452097,558.4920315327438,2760.7856179462606,401.59074359736934
364,1039.9043180883941,2253.560392733985,343.1145352791736,598.3924467529872,1294.5892610316735,551.7039935171113
365,1215.276704750923,1282.6318559612919,90.35621169450957,418.95623194560613,1648.8890815023785,448.2130781164099
366,1108.963278273843,1354.4496747843168,231.69301646683962,254.42867387657526,3214.0558322643788,956.5368589161894
367,974.7829521676489,1791.7808030221177,363.97157473832465,116.31625962176636,1959.5548737309907,404.35460562579635
368,971.8111524052306,2588.224722224777,360.7365311240466,552.8469084846311,2925.732481687239,819.155554974395
369,1219.9444263520202,1873.3485804589714,240.82164970709636,403.9353256403702,2080.93462911653,595.5430655648775
370,562.8373901278366,1420.7410445577227,243.9367088552152,422.0568884839775,2320.295854432295,597.5412380528255
371,968.7351981755033,1581.380322897207,276.5519570268565,836.4133057243982,2605.541406191015,444.51713172742456
372,910.8153503942787,1775.5414852792742,268.9788110894119,688.1074431056347,1935.8257778112722,383.9947524881816
373,930.195918264493,2159.654799962791,224.4719961700655,501.5692951960239,2799.379711538962,307.1048152218064
374,798.6284807978792,1279.3390033939627,165.58998952952462,639.4755253732716,1746.3665060243927,414.5953329933589
375,1110.1181517910918,1240.664813948999,212.79233844349642,324.0634440665787,2014.6166651701585,820.3410696230077
376,637.1304559263897,1727.8179599882867,250.24593887432297,673.1286807066755,1754.040895960231,480.0990396049385
377,537.8499627954601,1792.1070304637242,178.79274092720314,565.0599321029573,2118.434195755214,582.5113044858264
378,1069.267903768886,2300.760882005647,191.31817504839375,653.0124573431318,2143.449610157057,998.0991814504019
379,850.7606356249956,1818.0572737311918,111.72837403329898,319.3406245662183,1586.833550468862,740.8393365107772
380,778.5617240322259,1819.068744298279,318.13837118666873,529.2813426404082,1907.2915695535921,677.1038037111488
381,1113.9898481673533,1701.6798688395736,209.21959322769428,653.5155588136522,1567.8753636583667,1577.3023091317407
382,895.3403133610251,1813.9208185479765,203.52166029153673,391.698587276569,2521.2477073387713,345.3257083496339
383,932.5943519041645,1806.0769300017982,267.8237605852164,312.99322987723826,2682.656666879679,315.0901110581734
384,1206.8133387366167,2043.0922937084467,165.25665442924603,309.568064970322,1590.8356953689074,1102.6232806724045
385,706.0075155304911,1296.0925056278825,329.5465669340816,388.6207429605402,1917.268368097023,642.3709661027965
386,1081.1660112752118,1978.838819869911,385.67380510145347,323.93614018343953,2120.3376369566404,442.45422701594475
387,960.4019148972333,2239.9390894591647,259.41125684584335,261.8632969978575,2024.9629479064256,418.99415964230514
388,965.7698098398178,2172.83710454453,330.4509168623742,436.21648119269315,2517.168881303662,693.4331664095424
389,1053.5656385812263,2442.568096678363,111.6110655693214,504.06101963231356,1787.3599923324284,392.0786774412139
390,865.3931264238272,1926.8596817148973,209.4511227020677,741.8429169508985,2686.6199988325216,1345.240380999316
391,656.5668443502591,2424.018639459934,263.5287242418719,462.8200873179347,1869.1718591041165,338.70150256426786
392,928.2803936026559,1784.906613929971,203.7448365472617,659.5224938553108,1419.7603805523995,353.68474469627483
393,1160.6033176884018,2598.249261883496,169.58005915462357,873.194715663826,2325.143496665145,583.0425326770868
394,894.6473939326111,733.383143480529,175.43812577655586,1452.6946137848454,2586.9873117819097,1198.83944311132
395,743.5254888415203,2353.0352520789265,192.76573414489317,460.68925079159305,1630.0558823530484,1101.4201440870015
396,1061.1849195206282,1299.7713229462342,135.50850187491008,297.12595914794224,1797.5769612491313,495.97843130698544
397,707.9614084923082,2702.878455411004,196.80405574703485,535.548640431437,1411.5704797600465,869.0630899385714
398,1187.98617215912,1657.4187988514143,153.68427933302607,670.003567637848,1733.4929806354537,1238.6849713691543
399,1458.4529513356542,1945.7067503119258,132.27525011396162,412.7318126558599,1413.1199545108047,334.9949680537289
400,715.8160068306589,2174.529592568116,169.04804389398205,641.9592112117781,1975.6620917443745,699.7206763168678
401,984.8249657944741,1740.339047321679,111.86777989858395,251.33286944407578,2464.5025925789155,662.5729433432365
402,1403.6255540222292,2771.1530522329454,199.52415351488014,189.50035034382495,3239.401099455539,975.715046337618
403,772.5502156952666,2914.855096297483,153.10737253996686,615.2023238642156,2541.844570803815,1150.3141112671929
404,733.9322745600674,2360.731493482226,294.7576615427564,925.6720530120051,2258.0836542074794,471.3220024331815
405,1015.2491837872941,1847.3887783652224,135.35655691804453,644.165828142806,1770.0322484042213,254.91435270346904
406,989.2285202088884,2694.5528165581704,163.41521650267092,267.17705548998856,1452.5699486547358,247.4352323603447
407,930.9076345815176,1759.5206219252261,141.13275354704305,439.12272317573854,638.1959531575233,329.0959657796802
408,1026.4254553629369,2502.703355813536,85.38734945400265,412.163492336063,1634.5570336197275,177.78879551328137
409,1375.3249468174956,2467.5950186889027,213.66797364514395,875.1970929915356,2384.276996554198,338.8573342736885
410,1311.7450940169747,2330.583283989435,233.5468930456413,478.95182468393557,2706.782619366488,230.13716494368262
411,427.77471763653983,1748.5570918296096,196.8204105887109,763.4234356776944,2146.4912066751986,264.85061160302814
412,1400.3024492360935,1640.2281178438773,375.34511654336234,400.9972121637719,3108.273391504587,255.32895436845396
413,1103.6813823072434,1567.2315430745055,244.7406091041251,290.7599553044239,1070.0349543634454,472.19313994038373
414,644.3530516583162,1660.8177143480912,224.92870701598915,358.63871622917196,2324.091964421301,403.5177001526773
415,786.0321969052487,2006.360650012024,322.83404275604664,395.2752777538706,934.2970712211049,679.9529370931585
416,555.9590745198615,2096.0167941522964,188.67675171870414,488.2672795484003,2275.6585125351494,379.3725870132348
417,1130.6041668338682,1764.086376082545,418.1024666387784,514.3272449239637,2406.340861069809,264.56588844561617
418,1089.105119044213,1320.941526151722,212.78821558763548,342.299717829831,2148.2227873143993,296.34588172278336
419,975.3990144601819,1865.7420760283603,226.93019721366042,420.42619462813,2681.1587323426193,469.73370998112006
420,1003.1669465092972,1533.63743940027,370.99461710714684,301.48851738404676,1563.0462846642708,421.80073215849086
421,652.9599056381985,2176.2164828411505,325.6155620563869,247.9411244757819,2312.675250631402,443.45275587619807
422,1319.4275942560341,1722.7094674976822,253.10425510151464,447.63862946879703,2272.188049429207,440.3582697168597
423,1155.069538468484,1606.16319712363,363.49299245515994,899.7393385937315,1411.5177513846738,376.07811072907555
424,640.6717381203582,1988.3009852886153,301.6492238380464,493.567014902258,1655.374536195509,433.4196947834115
425,1363.0103752153555,2217.3379508039297,520.2643775985052,894.6098222166329,1647.7064758421252,620.8857070159083
426,1020.6891614094876,2329.427680272647,383.073896975878,598.4117752381889,1852.6385345830283,297.0835038118897
427,1014.3847650233255,2210.579667795508,321.10657473657324,669.5895392530191,1514.3077141465988,443.2113001829912
428,1286.5649463196503,2684.145155303263,505.44900936653,1311.096823567666,1822.1221446071909,423.9934594632294
429,745.1809942399985,1500.1146486061289,251.73450567308757,591.6088171091608,2969.1950208962035,648.1481900701632
430,1221.4950543371501,2053.1443093546864,289.8647255479938,663.0857662105661,2395.3769631363816,442.6067676215806
431,961.9024246308138,1903.6239338594082,275.7772898459421,553.8630691353032,1426.3483684110713,386.2521179593804
432,1143.6413477917142,2162.039549525724,504.92906935608323,887.3393905747424,2003.5651922812222,585.4169524742799
433,903.7958072704337,2231.67999072962,455.1821223953587,328.34717917431414,1515.1847279844812,340.1904285180286
434,1066.2645036240062,1847.9330764217477,212.63273037920067,440.8706736981481,1956.1145609143587,648.3878886026006
435,841.6303476759771,1567.9314425989562,201.73961538026657,539.3053616978021,819.0913458608741,769.4166096539404
436,807.8154646651959,1720.4355236817999,801.1256762988336,470.95903191108863,1688.3668408079889,331.5981975061149
437,1016.454947077997,2514.698434483833,567.144713719418,1099.9147202698637,1297.96265761364,315.57413091398723
438,1226.1068476943012,1686.573936960693,471.4821542088112,367.3034653080101,1598.2501467257216,507.5155827080322
439,1166.8917001104335,1674.5873883912652,332.5893169112112,355.9563697169165,1547.6312651869953,289.1341879097884
440,833.5750414702768,1616.3156184847387,985.3112311924433,388.17806219309193,2112.9532658598314,287.62570664364716
441,1024.02822122742,1505.833602597096,396.56331569869394,834.1251655515829,1513.0882123028414,275.57275700232685
442,454.9431523508772,2245.5846585247673,217.17088966845793,984.8762335111297,1657.0558483316888,474.50720426745215
443,914.0593473245053,1300.3795128966574,307.9395943038249,518.3533678006883,1903.5727832752586,403.7690554781063
444,1244.1939789931564,1905.171995478021,566.3609764322033,815.9339924555933,2283.3339591808567,199.24592179445955
445,1278.0782676228264,1742.857973135021,638.9146591869976,787.7919870787118,855.8323546504848,282.84133361588965
446,350.85223496580863,1827.824761450961,412.1210828333756,550.340575834609,1089.263680285205,287.6760300957359
447,915.6743718629073,1250.596310302612,1000.9774108302757,409.80065305761644,1653.4841886691224,422.4569699617638
448,870.8499488463414,1828.4082138995198,351.7726993452243,497.2092063537179,1667.5889336299017,367.7712935621249
449,1007.13341933904,2295.6678985685257,178.10707953116906,348.06239734982,1897.698340122209,330.1681154521344
450,1235.8052159897566,2443.6707260481303,617.8503546325275,971.8135621366254,1285.6341657216703,240.1826966172788
451,1156.1914283456701,1624.911830245818,498.9270001581019,572.6961614406843,1788.862306615799,424.71189854342146
452,1110.4007612787882,1273.7290854977375,560.1708687040048,586.6615610298247,2259.3488505471587,525.9476335177087
453,1227.8436198454758,2058.4839165254148,430.15568809670424,1653.1015244354126,1289.4510067648023,289.90516304541575
454,1020.9358418194697,2074.849021943397,717.2791123742135,583.4919898745336,1524.2090934530238,399.59930121552844
455,1076.6571117996061,1400.4409825498756,451.3899233898494,657.4665067287257,1413.1664518289363,479.6446670528431
456,1067.0151387796068,1411.5363561136153,669.1126854970386,349.1586729229894,1034.1576757699036,339.251264790516
457,1219.4420952854464,2000.408665336118,353.1607428734631,1613.6611970321835,2681.6122457109004,257.63179294023513
458,1056.1659488759021,1831.044819416477,1010.2106785500062,555.5105203279162,2461.21897316721,533.4413872536522
459,925.7657695233288,2592.6943915999186,343.70210890768976,895.582241303029,1749.3149998094066,361.56817245087876
460,1221.1025729878345,2440.997011675041,232.9570095892896,425.9276181284764,1945.010848165575,280.8987696792904
461,1330.7128156550168,1658.6816645156937,568.6765785769968,1157.6633198159748,1296.1472283099802,356.36990586753575
462,1120.8080274795432,1647.4908287623994,1044.9269640836335,1018.0065789601306,2134.619981499232,466.5172950096793
463,1082.4533786280576,2162.2112160628963,1282.553597015008,252.28656845086894,1341.1799708941603,324.7170791203206
464,1139.8209750822627,1607.0499862688216,154.56039838611866,1318.4788903851772,2025.093570622141,211.7531817368858
465,1089.9788404843669,1678.1784359536396,292.18755335390097,357.03375308532446,1479.5520527807341,475.8761961571119
466,1339.5506628139046,2059.34764645687,458.6733622861712,1107.364827722488,1552.5012042709495,430.49674111477884
467,648.1539305462366,874.2955988229893,531.8679138287436,566.4809850308885,1832.5659956243721,273.6115036666006
468,1090.7279237213477,1642.752136561692,287.65946218882533,1713.219481690773,2003.2334067718614,292.9223340947987
469,1301.1462547948956,2205.9694489497797,753.1065282294496,257.94549324348816,1920.9368799999966,371.1609303932848
470,1084.8714565964701,1980.4638837071718,166.58678876687588,424.2289119299393,773.7843316618935,489.39100015841035
471,962.3837161381955,1612.1389087211203,926.3274245945645,665.8920783800916,3038.8154520570274,338.38022880211736
472,1074.3538424967185,1872.8782993594787,561.6438050678305,468.23863078587067,1655.0551788382218,388.66023328855204
473,806.5714397092668,1826.0757737676365,160.72011569488845,1232.8254661455094,2713.0933398705847,486.42342816975156
474,718.5358032378414,1778.5839932676306,496.1527951397949,705.3663852674207,2047.6165151120683,379.7397998297107
475,1300.7827083624018,2445.67244003568,1210.207354455787,619.7552799653848,1800.340337372838,446.09018810758334
476,1133.8577333739722,1645.6453871706042,185.66211700650496,265.8759058765508,1344.6390580494663,389.6066054416835
477,1147.065442631767,2044.0140401977935,709.2929993299509,1119.2163615595123,1799.5910882857215,279.2326225929737
478,1242.432250554632,1939.0522056670866,405.18685960873955,1136.569645276363,1666.8746239197287,358.9306514817626
479,824.188970352154,2123.6129058938604,258.8015272620049,872.8446271870743,1203.1187621597094,510.6308683019249
480,1166.2376086924924,1961.0230678701241,405.57357758562404,772.4616821074854,2669.1657497472975,398.78312969687363
481,1329.53166480705,2525.309214886302,281.0548425460938,564.2429891716699,1613.6774887970964,390.52259276965316
482,973.2492771870759,2047.8887175013276,171.5584972309385,321.09080291210955,2447.8212874548517,342.26865293815104
483,694.6543925900546,2271.0517659413003,111.85387416251777,730.9830949100269,2096.7650313706977,337.32707483752563
484,1254.3370752546384,1061.43132401315,252.22912275029404,468.09295835797053,2870.5611216103825,410.28296461660204
485,936.9474260151079,2057.1104833257164,103.28377018924554,430.54187220680956,2639.1216914447964,265.6018440467615
486,1193.5456342018072,1729.589324798139,245.68226212300368,385.92380403149957,1707.9400173124766,231.71256827560634
487,1259.8932510666004,1038.9971775883994,233.5437795106158,371.54235151153694,1062.2925528370026,386.6540157091435
488,843.0082533529991,2822.9349494991793,238.57348654612096,435.84554355963013,826.8547934089028,319.3929449431333
489,981.1682081302711,2535.0670566867884,227.23879691662768,449.5782465065009,1299.6997329836986,346.8668370527103
490,1161.8569059081,2348.5081417592687,276.1915532297102,415.5838454083497,1415.275004120785,298.3739894376826
491,839.8296574575776,1830.3087686668168,411.72323444663556,314.0991063513002,1292.8946526595848,442.8096680352921
492,1344.776929702951,2272.1006690132526,471.3330209346679,566.6601059533365,1650.9551586457285,333.81512036041374
493,1353.550617605323,2461.7285744003043,479.97125462893825,498.09440187064786,1250.390193123559,289.46783547993107
494,859.0595156989098,2399.4702810376757,229.9952027980908,418.3990895377446,1998.56582479891,326.2218858744169
495,874.9306629920501,2773.065891177253,298.90566669716895,905.5585881540243,1883.2625752028562,211.94731791125955
496,991.4852783879484,1626.2388368462223,107.333730178873,508.683210551594,1333.4829165271963,123.86112892737688
497,1120.902807902331,2511.744711246614,163.78391641352138,610.1750103748849,2755.6438157611506,242.30693729888114
498,519.8076249280925,2501.764325714826,358.27147142759964,1095.1290357240525,2271.5370414164568,315.01368769067653
499,644.5776641968343,1977.7265508687847,477.5689816178071,169.55781706212593,1704.562341066469,181.27079239262798
500,1174.8061602195214,2365.487587461568,341.7185603394022,504.27674225130494,2606.8832122662257,394.9526821830178
